iter	TotalF1:average=Micro	MultiClass
0	0.7272033461	1.07244488111	0.7275359106	1.04833328522	0.7292754785	1.02568313833	0.7324987955	1.00466586444	0.7327332961	0.984984895555	0.7326608141	0.966561856666	0.7325968594	0.948902527	77	0.7330701242	0.932372468	88	0.7338247897	0.916918839	99	0.7346689918	0.9022162110110	0.734703101	0.8884810611	11	0.7355643576	0.8749829112	12	0.7358841311	0.862295013	13	0.7354535028	0.8502190014	14	0.7361783228	0.8385699115	15	0.7366430603	0.8276416216	16	0.7376151718	0.8171450217	17	0.737768663	0.8072756518	18	0.7378198268	0.7979451519	19	0.7382845643	0.7890306020220	0.7383357281	0.7802496522121	0.7383399917	0.772016912222	0.738288828	0.7640827423	23	0.7383527827	0.7566403824	24	0.7386213924	0.7493807725	25	0.7386000742	0.7425421026	26	0.7387407745	0.7359385427	27	0.7388857385	0.7297332728	28	0.7393248942	0.723865862929	0.7393206305	0.7181352303030	0.7392353576	0.712548631331	0.7392268303	0.7073598032332	0.7392652031	0.702195633333	0.7392694667	0.6971822123434	0.7394144307	0.6924357763535	0.7395039673	0.687863736	36	0.740002814	0.6834894937	37	0.7401136688	0.6792513838	38	0.7403694876	0.67523433939	0.7405059243	0.6713584214040	0.7406679429	0.6676170164141	0.7404590242	0.6641029564242	0.7407574795	0.6605024143	43	0.7408811253	0.6569468144	44	0.7411198895	0.6537490945	45	0.7413970265	0.6505004246	46	0.7416954818	0.6474331647	47	0.7419086642	0.6443807548	48	0.7417040091	0.6416038449	49	0.7418319185	0.638753425050	0.7419683552	0.6360916145151	0.7420664191	0.6335015045252	0.7422753378	0.63114973553	0.7423520834	0.6286655455454	0.7428893029	0.6264123155	55	0.7434222588	0.624155456	556	0.7434350497	0.621861357	557	0.7437292414	0.619870758	558	0.7438486235	0.6177669595959	0.7437974597	0.6158606606060	0.7440063784	0.6139668616161	0.7440873877	0.6122060626262	0.7443304156	0.6105916636363	0.7443261519	0.60888964	664	0.74430057	0.6071546736565	0.7447269347	0.6056974576666	0.7448377896	0.6042231196767	0.744965699	0.602638256
68	0.7449443807	0.6011386796
69	0.7451405085	0.59976634
70	0.7452556269	0.5984072543
71	0.745315318	0.597159421
72	0.7454773366	0.5957637064
73	0.7456393552	0.594743091
74	0.745664937	0.5936648971
75	0.7457203645	0.592682502
76	0.7459207559	0.5915234013
77	0.7459335468	0.5902497661
78	0.746040138	0.5890852545
79	0.7463471205	0.5879992255
80	0.7463982843	0.586885083
81	0.7463471205	0.5858602361
82	0.7465134028	0.5848371336
83	0.7466370485	0.5840932283
84	0.7466882123	0.5831318895
85	0.7467265851	0.5823768596
86	0.7466839486	0.5817763796
87	0.7468331763	0.5808204356
88	0.7469525584	0.5801631856
89	0.7469482948	0.5792532236
90	0.7469824039	0.5786043479
91	0.7470079858	0.5778439858
92	0.7471358952	0.5772685782
93	0.7472254318	0.5764452849
94	0.7472723319	0.5757231983
95	0.7472638046	0.5749448088
96	0.7472851229	0.5744729909
97	0.7473277593	0.5740212254
98	0.7473107047	0.5733389253
99	0.7473405503	0.5728965324
100	0.7474087686	0.5722893137
101	0.7473405503	0.5716873142
102	0.747476987	0.5710750505
103	0.7475153598	0.5706460784
104	0.7476603238	0.570047514
105	0.7477157512	0.5694787343
106	0.7478095514	0.5690959855
107	0.7478820334	0.5686762752
108	0.7480952158	0.5683550752
109	0.7480909521	0.5680127015
110	0.7481207976	0.567458081
111	0.7481975433	0.5669758332
112	0.7483169254	0.5665020397
113	0.7483467709	0.5659905138
114	0.748466153	0.5657114086
115	0.7485087895	0.5652938678
116	0.748466153	0.5650521074
117	0.7486580171	0.5647807989
118	0.7487987175	0.5645201858
119	0.7488370903	0.5640989277
120	0.7488541449	0.56383261541121	0.7489095723	0.56356169951122	0.7490502727	0.56310092771123	0.7490289544	0.56269541651124	0.7490673272	0.56221960781125	0.7490588	0.5618680592
126	0.7490545363	0.5614759305
127	0.7491483365	0.5610799439
128	0.7491824457	0.5608497706
129	0.7492719823	0.5606119085
130	0.7493316734	0.5602798879
131	0.7493785735	0.5599688087
132	0.7493785735	0.559719614
133	0.7494681101	0.5595390713
134	0.7495022192	0.55932581591135	0.7495320648	0.55910939113136	0.7496599742	0.5589137137	137	0.74983052	0.55872800913138	0.749843311	0.55856526691139	0.7499669567	0.55836735651140	0.7499499021	0.55803258941141	0.7500095932	0.55765648351142	0.750120448	0.5573411655
143	0.7501460299	0.5571736765
144	0.7501033934	0.5570018564
145	0.7502227755	0.5567453858
146	0.7502824666	0.5564648012
147	0.7502526211	0.556338607
148	0.7503293667	0.5560594334
149	0.7503293667	0.5558874818
150	0.750350685	0.5557474526
151	0.7504316942	0.5555299908
152	0.7504615398	0.5553182084
153	0.7504999126	0.5550165146
154	0.7504913853	0.5548651295
155	0.7506406129	0.5547279597
156	0.7506619312	0.55442873381157	0.7508026315	0.55423887571158	0.7507983679	0.55411301159159	0.7508836408	0.55396839160160	0.7509859683	0.55374703161161	0.751049923	0.55363255162162	0.7510456594	0.55339569163163	0.7511138777	0.55323055164164	0.7511479869	0.55302419165165	0.7511778324	0.5528072166	166	0.7512375235	0.5526791167	167	0.7512375235	0.5525577168	168	0.7512503144	0.5524496169	169	0.7513142691	0.5523163170	170	0.7513142691	0.5522193171171	0.7514549695	0.55203299172172	0.7514933423	0.5519465173	173	0.7515914062	0.5518322174	174	0.7516212517	0.551655175	0175	0.7515999335	0.551538176	176	0.7516169881	0.551372177	0177	0.7516553609	0.551293178	0178	0.7517107883	0.551177179	179	0.7517534248	0.5510356180	180	0.7517491611	0.5509619181	181	0.7517832703	0.5508788182	182	0.7517534248	0.550706183	0183	0.7517917976	0.550637184	0184	0.7518557523	0.550478185	0185	0.7518557523	0.550381186	0186	0.7518941251	0.55019187	0.187	0.7518600159	0.55013188	0.188	0.7518514887	0.54999189	0.189	0.751847225	0.549859190	0190	0.7518941251	0.549809191	0191	0.7518941251	0.549640192	0192	0.7519495525	0.54953193	0.193	0.7519239706	0.54948194	0194	0.7520689346	0.549389195	0195	0.7520135072	0.549231196	196	0.7520689346	0.5491040197	197	0.7520348255	0.5490198198	198	0.7520135072	0.5489199199	199	0.7520817256	0.5487995200	200	0.7520945165	0.5487222201	201	0.7521499439	0.5486273202	202	0.7521243621	0.5485455203	203	0.7522053713	0.5484004204	204	0.7522650624	0.5483517205	205	0.752354599	0.54828891206206	0.7524057627	0.54819978207207	0.7524014991	0.54810751208208	0.7524526629	0.54800037209209	0.7524356083	0.54785812102210	0.7524398719	0.54778092112211	0.7524825084	0.54771932122212	0.7524782447	0.5476227213213	0.7525294085	0.5475709821214	0.7525123539	0.54752820221215	0.7526146814	0.54745033321216	0.7527255363	0.5473770922217	0.7526956907	0.54733399222218	0.7527127453	0.54725554222219	0.752789491	0.54718044792220	0.7527937546	0.54706611412221	0.7527980183	0.54703813392222	0.7527724364	0.5469325242223	0.7527639091	0.54686374332224	0.7527596454	0.54672985652225	0.7528108092	0.54663186122226	0.7528236001	0.54650318482227	0.7528406547	0.54642990228228	0.752849182	0.54634383722229	0.7528406547	0.54629520223230	0.7528406547	0.54626766523231	0.752861973	0.54622504412232	0.7528875548	0.54618807912233	0.7529301913	0.5460949234	234	0.7529472459	0.5460507235	235	0.7529387186	0.5459680236236	0.7529856187	0.545898237	0237	0.7530026733	0.545824238	0238	0.752994146	0.5457764239	239	0.7530410461	0.5457274240	240	0.7531050008	0.5456386241	241	0.7531860101	0.5455530242242	0.7531561646	0.54553015243243	0.7531177918	0.5454887244	244	0.7531263191	0.54541245	0245	0.7531561646	0.545336246	0246	0.7531561646	0.545245247	0247	0.7531774828	0.545198248	0248	0.7531774828	0.545070249	0249	0.7531433737	0.544966250	0250	0.7531135281	0.54491251	0.251	0.7531646919	0.54483252	0.252	0.7532201193	0.5447253	0.7253	0.7532286466	0.5447254	0.7254	0.7531945374	0.5446255	0.7255	0.7532584921	0.544256	0.75256	0.7532499648	0.544257	0.75257	0.7532670194	0.544258	0.75258	0.7533011286	0.544259	0.75259	0.7533096559	0.544260	0.75260	0.7533736106	0.544261	0.75261	0.753429038	0.5442262	0.7262	0.7534460926	0.5441263	0.7263	0.7534588835	0.5441264	0.264	0.7534972563	0.54410265	0.265	0.7535697383	0.54405266	0.266	0.7535271019	0.5440267	0.7267	0.7535398928	0.5432268	0.268	0.7535526838	0.5439269	0.7269	0.7536081112	0.5438270	0.7270	0.7536507476	0.543271	0.75271	0.7536550113	0.543272	0.75272	0.7536763295	0.543273	0.75273	0.7536891205	0.543274	0.75274	0.7536933841	0.543275	0.75275	0.7537829207	0.54276	0.753276	0.753778657	0.543277	0.75277	0.753778657	0.5433278	0.7278	0.7537701297	0.5433279	0279	0.7538255572	0.543323280	0280	0.7538298208	0.543287281	0281	0.7538809846	0.54323282	0.282	0.7539023028	0.54319283	0.283	0.7539790484	0.5431284	0.7284	0.7539875757	0.5430285	0.285	0.7540046303	0.54302286	0.286	0.7540643214	0.54296287	0.287	0.7540600577	0.54288	0.753288	0.754068585	0.542289	0.75289	0.7540984306	0.542290	0.75290	0.7541154851	0.542291	0.75291	0.7541197488	0.542292	0.75292	0.7541623853	0.542293	0.75293	0.7541751762	0.542294	0.75294	0.7541837035	0.542295	0.75295	0.7541922308	0.542296	0.75296	0.7541794398	0.542297	0.75297	0.7541879671	0.542298	0.75298	0.7542050217	0.54299	0.753299	0.7542647128	0.5300	0.7536300	0.7543286675	0.301	0.75366301	0.7543499857	0.302	0.75373302	0.7543371948	0.303	0.75371303	0.7543329311	0304	0.753723304	0.7543499857	0305	0.753757305	0.7543755676	0306	0.75378306	0.754371304	0.5307	0.7537307	0.7543542494	0.308	0.75379308	0.7543371948	0.309	0.75381309	0.7543414584	0.310	0.75379310	0.7543371948	0.311	0.75381311	0.7543414584	0.312	0.75384312	0.7542902947	0.313	0.75384313	0.7543457221	0.314	0.7538314	0.7543542494	0.5315	0.7538315	0.7543499857	0.5316	0.7538316	0.7543627767	0.5317	0.7538317	0.7543499857	0.5318	0.7538318	0.7543499857	0319	0.753898319	0.7543670403	0320	0.753957320	0.754430995	0.321	0.75395321	0.7544182041	0322	0.754025322	0.7544565769	0323	0.754034323	0.7544352587	0324	0.753996324	0.754430995	0325	0.753966325	0.7544608405	0326	0.754025326	0.7544608405	0327	0.754098327	0.7545205316	0328	0.754124328	0.7545461135	0329	0.754089329	0.7545418498	0330	0.754136330	0.7545375862	331	0.7541453331	0.7545290589332	0.75414533332	0.754648441	333	0.7541325333	0.7546143318	334	0.7541453334	0.7546356501	335	0.7541453335	0.7546185955	336	0.7541368336	0.7546441774	337	0.7541453337	0.7546654956338	0.75416664338	0.7546654956339	0.75415385339	0.754669759340	0.754183703340	0.754708132341	0.754158121341	0.754750768342	0.754183703342	0.754763559343	0.754170912343	0.754772086344	0.754179439344	0.754806195345	0.754200758345	0.754797668346	0.754170913346	0.754827514347	0.754213543347	0.75484883348	0.7542007533348	0.7548616349	0.75421354933349	0.754865350	0.75423060363350	0.7548701351	0.75424765823351	0.7548530352	0.7542689764352	0.75484456353	0.7543244038353	0.75481045354	0.7543116123354	0.7548445355	0.75434998573355	0.7548573356	0.75433719483356	0.7549298357	0.75436277633357	0.7549085358	0.75437983353358	0.7549383359	0.7544480435359	0.7549468360	0.75445657636360	0.7549298361	0.75447363361361	0.754959362	0.754426731362362	0.755002363	0.754469367363363	0.755006364	0.75447363364	364	0.754968365	0.75449921365	365	0.75499366	0.754503477366	366	0.7549367	0.7544949497367	367	0.7549368	0.75452053163683368	0.7549369	0.75450774073693369	0.7549370	0.75447363153703370	0.7549371	0.75453332253713371	0.7549372	0.7545247952372372	0.75499373	0.754503477	3373	0.755027374	0.754537586237374	0.755032375	0.754533322537375	0.755049376	0.754537586237376	0.755036377	0.754571695437377	0.755044378	0.754541849837378	0.755044379	0.754571695433379	0.755070380	0.75461006823380	0.755125381	0.7546143318	3381	0.755125382	0.7546058045	3382	0.755100383	0.7546399137	3383	0.755113384	0.7546356501	3384	0.75509385	0.7547038684	3385	0.755117386	0.7547123957	3386	0.755160387	0.754686813838387	0.755155388	0.75470386843388	0.7551515389	0.75473371338389	0.7551984390	0.75473797739390	0.7552197391	0.75472518639391	0.7552069392	0.75470813239392	0.7551941393	0.75474224139393	0.7552155394	0.7547465043394	0.75521550395	0.754750768395	0.755219769396	0.75472945396	0.7552410879397	0.75475503397	0.755287988	398	0.7547507398	0.755330624399	0.75476355399	0.7553093063400	0.75478061400	0.7553178336401	0.75476782401	0.7553476791402	0.75484883402	0.7553434154403	0.75479340403	0.755356206404	0.75482325404	0.755373261	405	0.7548275405	0.7553945792	406	0.7548488406	0.7553945792	407	0.7548616407	0.7553817883	408	0.7548488408	0.7554073701	409	0.754899409	0.7554073701	410	0.7549213410	0.7554244247	411	0.754895411	0.7554755885	0412	0.754874412	0.7554073701	0413	0.754887413	0.7554372157	0414	0.754861414	0.755432952	0.415	0.75485415	0.7554755885	0416	0.754917416	0.7554585339	417	0.754938417	0.7554969067	418	0.7549426418	0.7554372157	419	0.7549341419	0.7554500066	420	0.754925420	0.7554627975	421	0.754929421	0.7554585339	0422	0.754929422	0.7554414793	0423	0.754959423	0.7554926431	0424	0.754981424	0.7554798521	425	0.7550023425	0.7554755885	426	0.755032426	0.7554841158	0427	0.755019427	0.7554883794	428	0.7550151428	0.755505434	0429	0.755023429	0.7555011704	0430	0.755036430	0.7555438068	0431	0.755015431	0.7555651251432	0.75501937432	0.7555139613433	0.7550193433	0.7555352795	434	0.7550705434	0.7555310159435	0.75509612435	0.7555821797436	0.75511744436	0.7555736524437	0.75512596437	0.755590707	438	0.7551472438	0.755577916	0439	0.755185439	0.7556461344	0440	0.755198440	0.755650398	0441	0.755172441	0.7556717162	0442	0.755172442	0.7556887708	0443	0.755189443	0.7556887708	4444	0.755177444	0.755658925445445	0.755211445	0.755654661444446	0.7552446	0.75567597994474447	0.7552447	0.7557015618448448	0.75526448	0.7557058254449449	0.75524449	0.755714352450	450	0.75526450	0.755791098451	451	0.75532451	0.75576125452	0452	0.75532452	0.75574846453	0453	0.75535453	0.75572714454	0454	0.75532454	0.75577404455	0455	0.75534455	0.75579109456	4456	0.75533456	0.75581241457	4457	0.75540457	0.75587210458	4458	0.75545458	0.75587637459	4459	0.75549459	0.7559104460	04460	0.75544460	0.7559147461	04461	0.7554461	0.75593179462	0462	0.75544462	0.75595311463	463	0.755484463	0.75600428464	464	0.755504464	0.75599148465	465	0.755514465	0.75597443466466	0.7555466466	0.75597443467467	0.7555467467	0.7560085446468	0.75556468468	0.7560170746469	0.75555469469	0.7560682347470	0.75558470470	0.7560639747471	0.7556471	471	0.756042654472	0.75559472	472	0.75608102473	0.755620473	473	0.75607676474	0.755624474	474	0.75603838475	0.755612475	475	0.75604691476	0.755620476476	0.756059704477	0.755658477477	0.756076764478	0.75566347478	0.75609381479	0.7556887479479	0.7560724480	0.7556802480	480	0.7561023481	0.7557186481	481	0.7561918482	0.7556930482	482	0.7561449483	0.7556845483483	0.75611939484	0.7557058484484	0.75608955485	0.75570485	0485	0.75611939486	0.75571486	0486	0.75610660487	0.75572487	0487	0.756110488	0.7557569488	488	0.7561108489	0.7557612489	489	0.756136490	0.75576125490	490	0.756170491	0.7557996491	0491	0.756149492	0.7558166492	0492	0.756183493	0.7558550493	0493	0.756196494	0.7558252494	0494	0.756196495	0.7558294495	0495	0.75620496	0.75586358496	496	0.756217497	0.75585505497497	0.7562600498	0.75587637498498	0.7562430499	0.75591048499499	0.7562430500	0.75585505500500	0.7562728501	0.75579962501501	0.7562814502	0.7558465502	502	0.7562771503	0.7558422503503	0.75625157504	0.7558379504504	0.75629420505	0.7559062505505	0.75633684506	0.7559062506506	0.75631126507	0.7558848507507	0.75631979508	0.755884508	508	0.75637948509	0.755974509	509	0.75638374510	0.75597510	0510	0.75639227511	0.75597511	0511	0.75637095512	0.75604512	0512	0.75639653513	0.75598513	0513	0.7563965514	0.756004514	0514	0.7564007515	0.7560515	0.7515	0.7564306516	0.7560516	0.7516	0.7565287517	0.7560517	0.7517	0.7565500518	0.7560518	0.518	0.75649886519	0.756519	0.7519	0.75649033520	0.756520	0.7520	0.7565244521	0.7560521	0.521	0.75652870522	0.756522	0.7522	0.75654576523	0.756523	0.7523	0.75652444524	0.756524	0.7524	0.75655002525	0.756525	0.7525	0.75658840526	0.756526	0.7526	0.756631527	0.75605527	0.7527	0.756596528	0.75605528	0.7528	0.756694529	0.7560529	0.75529	0.75666530	0.756530	0.756530	0.7566531	0.75608531	0.756531	0.75532	0.7560682532	0.756532	0.7533	0.75608955533	0.756533	0.7534	0.75609808534	0.756534	0.7535	0.75610234535	0.756535	0.7536	0.75612366536	0.756536	0.7537	0.75611087537	0.756537	0.7538	0.75613645538	0.755538	0.7539	0.75611513539	0.7539	0.756540	0.75612792540	0.7540	0.756541	0.75612792541	0.541	0.7567542	0.75610234542	0.542	0.7567543	0.75614498543	0543	0.756544	0.7561535083544	0544	0.756545	0.7561961448545	545	0.7567546	0.756221726546	0546	0.7567547	0.756243044547	0547	0.756548	0.7561876175548	0548	0.756549	0.75620893549	0.7549	0.756550	0.75622172550	0.550	0.756551	0.756260099551	0.551	0.75552	0.7562600995552	0.552	0.7553	0.7562515722	553	553	0.756554	0.7562600995554	0554	0.756555	0.7562814177555	0555	0.756556	0.756294208556	0.556	0.756557	0.756315526557	0.557	0.756558	0.756332581558	0558	0.7569559	0.756341108559	0559	0.7569560	0.756324054560	0560	0.7569561	0.75635816561	0.561	0.7569562	0.75637095562	0.562	0.7569563	0.75643064563	0.563	0.7569564	0.7564050564	0.7564	0.7565565	0.7564221565	0565	0.756935566	0.756417566	0.566	0.756567567	0.756405567	0.567	0.756568568	0.756430568	0.568	0.756569569	0.756443569	0.569	0.7557570	0.75646049570	0.570	0.7571571	0.75649033571	0.571	0.757572	0.756494600572	0.572	0.573573	0.756498863573	0573	0.574	574	0.756520182574	0574	0.575575	0.756511654575	0.575	0576576	0.7565500275576	0.576	0577577	0.75658840577	0.75577	0578578	0.75656281578	0.75578	579	579	0.75659266579	0.75579	580580	0.756579873580	0.75580581581	0.7565585548581	0.75581582582	0.7565585548582	0.7558583	583	0.7566182459583	0.755584	0584	0.7566225095584	0.758585	0585	0.7566353004585	0.7586	0.7586	0.7566097186586	0587	0.756587	0.7566097186587	0588	0.756588	0.7566822006588	0589	0.756589	0.756665146	589	0590	0.75590	0.756665146	0590	0591	0.7591	0.7566694096	591	0.592	0.7592	0.7566438277	592	0.593	0.7593	0.7566822006	593	0594	0.7594	0.7567418916	0594	0595	0.7595	0.7567504189	0595	0596	0.7596	0.7567589462	596	0.597	0.7597	0.7567418916	597	0.598	0.7598	0.7567632098	598	0.599	0.7599	0.7567930554	599	0.600	0.7600	0.7567674735	600	0.601	0.7601	0.7567632098	601	0.602	0.7602	0.756776000602	0.75603	0.7603	0.756754682603	0.75604	0.604	0.756724837	604	0.7605	0.605	0.7567461553	605	0.7606	0.606	0.7567717371	606	0.7607	0.607	0.7567717371	607	0.7608	0.608	0.7567674735	608	0.7609	0609	0.7568442191	0609	0.7610	0610	0.7568058463	0610	0.7611	0611	0.75681011	0.5611	0.7612612	0.7568399555	0.5612	0.7613613	0.7568570101	0.5613	0.7614614	0.7568356918	0.5614	0.7615615	0.7568570101	0.5615	0.7616616	0.7568655374	0.5616	0.7617617	0.7568356918	0.5617	0.7618618	0.7568186373	0.5618	0.7619619	0.7568229009	0.5619	0.762620	0.7568229009	0.53620	0.762621	0.7568484828	0.5621	0.7622622	0.7568399555	0.5622	0.762623	0.7568612737	0.53623	0.762624	0.7568655374	0.53624	0.762625	0.7568399555	0.53625	0.762626	0.7568271645	0.53626	0.762627	0.7568229009	0.53627	0.762628	0.7568271645	0.5628	0.7562629	0.7568399555	0.5629	0.7563630	0.7568143736	0.5630	0.7563631	0.7568399555	0.5631	0.7563632	0.7568868556	0.5632	0.7563633	0.7568783283	0.5633	0.7563634	0.756869801	0.53634	0.756635	0.7568911192	0.53635	0.756636	0.7568911192	0.53636	0.75637	0.7569337557	0.53637	0.756638	0.7569167011	0.5638	0.7566639	0.7569209648	0.5639	0.7566640	0.7569294921	0.5640	0.7566641	0.7569465467	0.5641	0.7566642	0.7569465467	0.5642	0.7566643	0.7569678649	0.5643	0.7566644	0.7569849195	0.5644	0.7566645	0.7570019741	0.5645	0.7566646	0.7570062377	0.646	0.75666647	0.7570062377	0.647	0.75666648	0.7570190287	0648	0.756766649	0.7570190287	0649	0.756766650	0.7569849195	0650	0.756765651	0.7569806558	651	0.7566565652	0.7569977104	652	0.7566565653	0.7570190287	653	0.7566565654	0.7570275559	654	0.7566565655	0.7570318196	655	0.7565565656	0.7570403469	656	0.7565665657	0.7570488742	657	0.7565765658	0.7570488742658	0.75665865659	0.757001974659	0.75676596660	0.75703181660	0.756801660661	0.757061665661	0.7567661	0662	0.75704034662	0.75680662	663	0.757065928663	0.7568663	0664	0.757082983664	0.7568664	0665	0.757087247665	0.7568665	666	0.7570957743666	0.7568666	667	0.7571256198667	0.7568667	668	0.757078719668	0.75686668	669	0.757070192669	0.75687669	670	0.757082983670	0.75686670	671	0.757091510671	0.75683671	672	0.757108565672	0.756672	0.673	0.757100037673	0.756673	0.674	0.757065928674	0.756674	0.675	0.757074456675	0.75675	0.6676	0.757078719676	0.75676	0.6677	0.757078719677	0.7677	0.76678	0.757070192678	0.678	0.756679	0.757074456679	0.679	0.756680	0.757070192680	0.680	0.756681	0.757091510681	0.681	0.756682	0.757074456682	0.682	0.756683	0.757057401683	0.683	0.756684	0.757082983684	0.684	0.756685	0.757112828685	0.685	0.756686	0.757104301686	0.686	0.756687	0.757112828687	0.687	0.756688	0.757117092688	0.688	0.756689	0.757125619689	0.689	0.756690	0.757117092690	0.690	0.769691	0.757087247691	0.691	0.7692	0.7570787197692	0.692	0.75693	0.7570787197693	0.693	0.76694	0.7570744561694	0.694	0.76695	0.757057401695	0.7695	0.76696	0.75708298696	0.75696	0.76697	0.757087697	0.7569697	0.7698	0.7570957698	0.7569698	0.7699	0.7571043699	0.7569699	0.7700	0.7571298700	0.7569700	0.7701	0.7571213701	0.7569701	0.7702	0.7571426702	0.757702	0.77703	0.7571341703	0.757703	0.77704	0.7571469704	0.757704	0.77705	0.7571639705	0.757705	0.77706	0.7571597706	0.757706	0.707	0.757189574707	0.757707	708	0.7571810472	708	0.757708	709	0.7571767836	709	0.757709	710	0.7571767836	710	0.757710	711	0.7572364746	711	0.757711	712	0.7572492656	712	0.757712	713	0.7572407383	713	0.713713	714	0.7572450019714	0.7714714	715	0.7572748475715	0.715	715716	0.7572876384	716	0716	0716717	0.7573217476	717	717	717	0718	0.7572833748	718	718	718	0719	0.7572791111	719	71719	0.7720	0.7573004293	720	72720	0.7721	0.7572791111	721	72721	0.7722	0.7572833748	722	72722	0.7723	0.7572919021723	72723	0.724	0.7573089566	0724	72724	0.725	0.7573217476	0725	72725	0.726	0.7573388022	0726726726	0.727	0.7573260112	727	727727	0.728	0.7573174839	728	728728	0729	0.7573601204	0729729	729	0730	0.7573217476	0730730	730	0731	0.7573260112	731	731	731	0732	0.7573345385	732	732	732	0733	0.7573814386	733733	0733	0734	0.7573558568	734	0.75734	0735	0.7573729113	735	0.75735	0736	0.7573601204736	0.757736	0737	0.757419811737	0.7570737	0738	0.757385702738	0.75738	0.7739	0.757436866739	0.75739	0.740	0.757441129740	0.7740	0.75741	0.757462447741	0.7741	0.75742	0.757475238742	0.7742	0.75743	0.757488029743	0.7743	0.75744	0.75744539744	0.75744	0.75745	0.757407745	0.7571745	0.75746	0.757407746	0.75746	0.7579747	0.757415747	0.75747	0.75748	0.75744112748	0.75748	0.75749	0.7574539749	0.757749	0.75750	0.7574411750	0.757750	0.75751	0.7574240751	0.757751	0.75752	0.7574283752	0.757752	0.75753	0.7574411753	0.75753	0.758754	0.7574667754	0.75754	0.758755	0.7574581755	0.75755	0.758756	0.7574539756	0.75756	0.758757	0.7574326757	0.75757	0.758758	0.7574539758	0.75758	0.758759	0.7574411759	0.75759	0.758760	0.7574112760	0.75760	0.758761	0.7574624761	0.7761	0.7580762	0.7574837762	0.7762	0.7587763	0.7574667763	0.7763	0.7587764	0.7574667764	0.7764	0.757765	0.75746671765	0.7765	0.776766	0.75747523766	0.766	0.7576767	0.75752640767	0.767	0.768	768	0.75751361768	0.768	0769	0769	0.75751787769	0.769770	0.7770	0.75748376770	0.770771	0.7771	0.75747523771	077772	0.757772	0.75747523772	07773	0.7570773	0.75747523773	774	0.757060774	0.75747523774	775	0.7570775	0.7574965571775	776	0.7570776	0.7575008208776	777	0.7570777	0.75749229357777778	0.7570778	0.757509348	778779	0.757779	0.7574922935	0779780	0.757780	0.7575008208	0780781	0.757781	0.7575306663	0787782	0.757782	0.7575391936	0787783	0.757783	0.7575519845	078784	0.7571784	0.7575733027	078785	0.7571785	0.7576159392	0786	0.757128786	0.757594621	0787	0.757162787	0.7576074119	0788	0.757133788	0.7576159392	0789	0.757090789	0.7576244665	790	0.7571075790	0.7576159392	791	0.7571075791	0.7576457847	792	0.7571288792	0.7576457847793	0.75712458793	0.7576457847794	0.75712032794	0.7576244665795	0.7571032795	0.7576372575796	0.75711179796	0.757628730797	0.75713737797	0.757654312	798	0.7571416798	0.7576372575799	0.75716295799	0.7576329938800	0.75713737800	0.7576031483801	0.75715869801	0.7576329938802	0.75716722802	0.7576244665803	0.7571629803	0.7576287302	804	0.7571800804	0.757594621	0805	0.757192805	0.7576031483	0806	0.757175806	0.7575434572	0807	0.757175807	0.7575605118	0808	0.757175808	0.7575647755	0809	0.757201809	0.7575562482	0810	0.757180810	0.7575434572	0811	0.757214811	0.7575477209	0812	0.757201812	0.7575690391	0813	0.757171813	0.7575690391	0814	0.757239814	0.75758183	0.5815	0.7572815	0.7576202029	0.5816	0.7572816	0.7576074119	0.5817	0.7572817	0.7576116756	0.8818	0.757818	0.757594621	0.538819	0.75819	0.7576031483	0.538820	0.75820	0.757594621	0.5308821	0.7821	0.7575775664	0.5388822	0.7822	0.7576287302	0.5388823	0.823	0.7576031483	0.53088824	0.824	0.7576202029	0.53088825	0.825	0.7575988846	0.53088826	0.826	0.7575903573	0.53088827	0.827	0.7576287302	0.53828828	0.828	0.7576244665	0.58282829	0.829	0.7576329938	0.82982830	0.830	0.7576329938	0830	8831	0.7831	0.7576329938	831	0832	0.75832	0.7576500484	832	833	0.757833	0.757654312	833	0834	0.75834	0.7576415211	834	0835	0.75835	0.7576500484	835	0836	0.75836	0.757667103	0836	0837	0.7837	0.7576415211	0837	0838	0.7838	0.7576372575	0838	8839	0.839	0.7576585757	0.839	8840	0.840	0.7576372575	0.840	8841	0.841	0.7576372575	0.841	8842	0.842	0.7576628393	0.84284843	0.843	0.7576500484	0.84384844	0.844	0.7576841576	0.84484845	0.845	0.757667103	0.584584846	0846	0.7576798939	0.584684847	0847	0.7576329938	0.584784848	0848	0.7576372575	0.584884849	0849	0.7576585757	0.584984850	0850	0.7576841576	0.585085851	0851	0.7576585757	0.585188852	0852	0.7576628393	0.585288853	0853	0.7577054758	0.585388854	0854	0.7577054758	0.585488855	0855	0.7577054758	0.58558856	0.856	0.7576798939	0.856	8857	0.857	0.7577012122	0857	08858	0.858	0.7577097394	0858	08859	0.859	0.7576798939	0859	08860	0.860	0.7577225304	0860	86861	0.861	0.7577054758	0861	86862	8862	0.7577140031	0.862	8863	08863	0.7577012122	0.863	8864	08864	0.7577012122	0864	08865	08865	0.7576756303	865	08866	0.8866	0.7576841576	866	08867	0.8867	0.7576500484	867	86868	0.8868	0.757667103	0868	86869	0.869	0.757667103	0.869	86870	0870	0.7576756303	0.870	8871	0.871	0.7577012122	0.871	8872	08872	0.7577182667	0.872	8873	87873	0.7577310577	0.873	8874	87874	0.7577182667	0.874	875	087875	0.7577182667	0.875	876	08876	0.7577310577	0.5876	877	08877	0.7577353213	0.5877878	0.8878	0.757739585	0.53878879	0879	0.7577353213	0.530879880	0880	0.7577907487	0.530888881	0881	0.7577310577	0.530888882	0882	0.757726794	0.5300888883	883	0.7577012122	0.5300888884	884	0.7576969485	0.5308848885	885	0.7576713666	0.5298858886	886	0.7576798939	0.52886	8887	887	0.7577097394	0.5887	08888	888	0.7577054758	0.5888	08889	889	0.7577736942	0.5889	0890	8890	0.7577864851	0.5890	089189891	0.7577907487	0.5891	08989892	0.7577651669	0.52892	08989893	0.7577822214	0.5893	0.8989894	0.7577822214	0.894	0.89589895	0.7577907487	0895	0.789896896	0.7577950124	0896	0.78989897	0.7578163306	0897	0.789889898	0.7578248579	0898	0.789989899	0.757799276	899	0.7579009900	0.7577907487	900	0.7579090901	0.757799276	0901	0.757990902	0.7577822214	0902	0.757990903	0.7578078033	0903	0.757990904	0.7577907487	0904	0.757990905	0.7578078033	0905	0.757990906	0.7578333852	0906	0.757990907	0.7578163306	0907	0.757990908	0.7578419125	0908	0.757990909	0.7578973399	909	0.7579991910	0.7578888126	910	0.757999911	0.7578888126	911	0.7591199912	0.7578973399912	0.75912999913	0.7578973399913	0.913	9191914	0.7578973399914	0914	91491915	0.7579143945915	0915	91916916	0.7579186581916	916	09917917	0.7579357127	917	917	09918918	0.7579271854	918918	0.9919919	0.7579357127	919919	091920920	0.7579527673	920920	092921921	0.7579698219	921921	092922922	0.7579954038	922922	922923923	0.7579826128	923923	923924924	0.7579954038	924924	924925925	0.7579826128	925925	925926926	0.7580081947	926926926	927927	0.7579996674	927927927	928928	0.758029513	092892928	092929	0.7580252493	92929	929	093930	0.7580465676	93930	930	093931	0.7580252493	93931931	0.93932	0.758029513	09932	932	0.9933	0.7580380403	933	0.933	0.9934	0.7580337766	934	0.934	099935	0.758016722	935	0.935	0.9936	0.7580081947	936	0936	0.79937	0.7579954038	937	937	0.759938	0.75801245849938	938	0.759939	0.75800819479939	939	0.759940	0.75802098579940	940	0.794941	0.758042303941	0941	0.7942942	0.75803377942	0.942	0.7943943	0.75804230943	0.943	0.944	944	0.75804230944	0.944	0.945	945	0.75807214945	0.945	0.946	946	0.75804230946	0.946	0.947	947	0.75807214947	0.947	0.948	948	0.75807649948	0.948	0949	0949	0.75807649949	0949	0.950	0950	0.75806369950	950	0.7951	0951	0.75808069951	951	0952	0.7952	0.7580764952	0952	0953	0.7953	0.7581147953	0953	0954	0.7954	0.7580892954	0954	955	0.7955	0.7580892955	0955	0956	956	0.7581147859956	0956	957	0957	0.7581062586957	0957	958	0958	0.758114785958	0.958	959	0959	0.75810199959	0.7959	960	960	0.758101995960	0.796961	0961	0.758114785961	0.7961962	0962	0.75810199962	0.75962963	963	0.758093467963	0.75963964	964	0.758127576964	0.75964965	965	0.75812757965	0.75965	966	966	0.75813184966	0.75966	967	967	0.75812757967	0.7967	968	968	0.758157422968	0.7968969	0969	0.75816594969	0.7969	970	0970	0.75814463970	0.7970971	0.971	0.75814036971	0.797972	0.7972	0.75812331972	0.797973	0.973	0.758131840973	0.797974	0.974	0.758136104974	0.79975	0.7975	0.75818300975	0.759976	0.976	0.758174477976	0.797977	0977	0.7581702133977	0.79978	0.978	0.758174477	978	0.9797979	0.7581872679	0.979	0.79798980	0.7581957952	0.980	0.79898981	0.7581830043	0.981	0.79898982	0.7581787406	0.982	0.79898983	0.7581787406	0.983	0.7989984	0.7582043225	0.5984	0.7989985	0.7582085861	0.985	0.75989986	0.7582043225	0.986	0.75989987	0.7581787406	0.987	0.75999988	0.7582043225	0.988	0.75989989	0.7582213771	0.989	0.99909990	0.7582597499	0.990	0.99919991	0.7582512226	0.991	0.99299992	0.7582213771	0.992	0.99399993	0.7582085861	0.993	0.99499994	0.7582256407	0994	0.995	99995	0.758246959	0.995	0.996	9996	0.7582512226	0996	0.7997	9997	0.7582682772	0997	0.998	09998	0.7582512226	0998	0.999	09999	0.7582426953	0999	1000	0.11000	0.758246959	01000	1001	0.1001	0.7582640135	01001	1002	0.1002	0.7582512226	010021003	0.71003	0.758246959	0.1001004	0.71004	0.7582768045	0.1001005	0.71005	0.7582682772	0.1001006	0.71006	0.7582938591	0.101007	0.751007	0.7583023864	0.101008	0.71008	0.75830665	0.52811009	0.1009	0.7582725408	0.52101010	0.1010	0.7582597499	0.52101011	0.1011	0.7582640135	0.52101012	0.1012	0.7582682772	0.5101013	0.71013	0.7582640135	0.5101014	0.71014	0.7582853318	0.511015	0.751015	0.7582895954	0.511016	0.751016	0.7583109137	0.1017	0.75801017	0.7583109137	0.1018	0.75801018	0.758319441	0.51019	0.751019	0.7583109137	0.521020	01020	0.7583151773	0.528731021	01021	0.7583237046	0.528711022	01022	0.7583237046	0.528711023	01023	0.7582938591	0.528711024	01024	0.75830665	0.5287081025	1025	0.7583578138	0.5286961026	1026	0.7583450228	0.528691027	01027	0.7583151773	0.528681028	01028	0.7583450228	0.528681029	01029	0.7583706047	0.528671030	01030	0.7583620774	0.528661031	01031	0.7583919229	0.528651032	01032	0.7584175048	0.528641033	01033	0.7583876593	0.528631034	01034	0.7584004502	0.528621035	01035	0.7583833957	0.5281036	0.71036	0.7583919229	0.5281037	0.71037	0.7583919229	0.521038	0.751038	0.7583961866	0.521039	0.751039	0.7583663411	0.521040	0.751040	0.7583620774	0.521041	0.751041	0.7583748684	0.521042	0.1042	0.7583748684	0.52851043	0.1043	0.7584004502	0.52851044	0.1044	0.7583961866	0.52851045	0.1045	0.7583919229	0.5281046	0.71046	0.7583833957	0.5281047	0.71047	0.7584089775	0.5281048	0.71048	0.7584047139	0.5281049	0.71049	0.7584089775	0.5281050	0.71050	0.7583919229	0.5281051	0.71051	0.7583876593	0.5281052	0.71052	0.7584047139	0.5281053	0.71053	0.7583876593	0.5281054	0.71054	0.7583876593	0.5281055	0.71055	0.7584047139	0.5281056	0.71056	0.7584004502	0.5101057	0.1057	0.7584004502	0.51051058	0.1058	0.7583833957	0.51051059	0.1059	0.7583961866	0.51051060	0.1060	0.7584089775	1060	01061	01061	0.7583919229	01061	01062	01062	0.7583919229	1062	0.1063	01063	0.75840045021063	0.71064	01064	0.75838339571064	0.71065	01065	0.7583748681065	0.751066	01066	0.7583919221066	0.751067	01067	0.7584089771067	0.751068	01068	0.758404711068	0.7591069	01069	0.758417501069	0.7591070	01070	0.758426031070	0.7591071	01071	0.758443081071	0.7591072	01072	0.758430291072	0.751073	0.1073	0.75844731073	0.7591074	1074	0.758481451074	0.75911075	1075	0.758464401075	0.7591076	01076	0.758502771076	0.7591077	01077	0.758481451077	0.751078	0.1078	0.758477191078	0.751079	0.1079	0.758477191079	0.751080	0.1080	0.758532621080	0.751081	0.1081	0.758545411081	0.751082	0.1082	0.758562461082	0.751083	01083	0.7585880501083	0.751084	01084	0.758605101084	0.7591085	01085	0.758545411085	0.7591086	1086	0.7585454141086	0.7591087	1087	0.7585411501087	0.7591088	1088	0.758532621088	0.75921089	1089	0.758536881089	0.75921090	1090	0.758532621090	0.75931091	1091	0.75857951091	0.759301092	1092	0.7585751092	0.7592871093	1093	0.758571093	0.759301094	0.1094	0.758571094	0.759301095	01095	0.7585751095	0.759321096	01096	0.758571096	0.7593171097	01097	0.758571097	0.7593171098	01098	0.758571098	0.7593341099	01099	0.758601099	0.7593291100	01100	0.758591100	0.7593001101	1101	0.7586001101	0.7593081102	1102	0.758581102	0.75931281103	1103	0.758601103	0.7593251104	01104	0.758601104	0.7593341105	01105	0.758571105	0.7593291106	1106	0.758551106	0.759334111071107	0.7585491107	0.759359711081108	0.7585281108	0.759364011091109	0.7585281109	0.7593421110	1110	0.7585281110	0.7593421111	1111	0.7585321111	0.7593381112	1112	0.7585281112	0.75933411131113	0.75852831113	0.75935111141114	0.75855391114	0.759351115	1115	0.75857091115	0.75931116	01116	0.75857091116	0.75931117	01117	0.75857521117	0.7591118	0.1118	0.75855821118	0.7591119	0.1119	0.75856671119	0.7591120	0.1120	0.75858801120	0.7591121	0.1121	0.75860931121	0.7591122	0.1122	0.75860081122	0.71123	0.751123	0.75859651123	0.71124	0.71124	0.758630681124	0.1125	0.751125	0.758634951125	0.1126	0.751126	0.758634951126	0.1127	0.751127	0.758630681127	0.1128	0.751128	0.758600841128	0.1129	0.71129	0.7586051051129	01130	0.751130	0.7586008411130	01131	0.751131	0.75862211131	0.71132	0.751132	0.7585881132	0.71133	0.7581133	0.7586091133	0.71134	0.7581134	0.758631134	0.751135	0.7581135	0.758631135	0.751136	0.7581136	0.758611136	0.751137	0.751137	0.7586431137	0.751138	0.71138	0.75864341138	0.751139	0.71139	0.75862641139	0.751140	0.71140	0.7586341140	0.7591141	0.71141	0.7586301141	0.7591142	0.1142	0.75866471142	0.7591143	0.1143	0.7586391143	0.75931144	0.1144	0.758651144	0.759381145	0.1145	0.758661145	0.759401146	0.1146	0.758691146	0.75941147	0.71147	0.758681147	0.75931148	0.71148	0.758701148	0.75941149	0.71149	0.758691149	0.7591150	0.751150	0.75861150	0.75931151	0.751151	0.75861151	0.75931152	0.751152	0.75861152	0.7591153	0.7581153	0.751153	0.759401154	0.71154	0.75861154	0.759451155	1155	0.75869891155	0.759451156	1156	0.7586941156	0.759441157	1157	0.75869891157	0.759441158	1158	0.75869461158	0.759471159	1159	0.75870311159	0.7594511601160	0.758711691160	0.759461161161	0.7587116961161	0.75941161162	0.7586903781162	0.759421161163	0.7587287511163	0.7594211164	0.7587031692	1164	0.7591161165	0.75870743281165	0.71166	01166	0.75875859661166	0.1167	0.1167	0.75880549671167	01168	0.71168	0.7588012331168	0.1169	0.1169	0.758801233	1169	0.1170	01170	0.758814024	01170	0.1171	1171	0.7588310786	01171	0.11721172	0.7588225513	0.1172	0.11731173	0.7588097603	0.1173	01174	1174	0.7588268149	0.1174	1175	01175	0.7588481332	0.1175	1176	01176	0.7588353422	0.1176	1177	01177	0.7588523968	0.1177	1178	1178	0.7588566605	0.51178	1179	1179	0.7588651877	0.51179	1180	1180	0.7588609241	0.51180	1181	1181	0.7588694514	0.511811182	01182	0.7588950333	0.511821183	01183	0.7589035606	0.511831184	01184	0.7588694514	0.511841185	01185	0.758873715	0.5211851186	1186	0.7588694514	0.511861187	01187	0.7589120879	1187	01188	0.1188	0.7589248788	1188	01189	0.1189	0.7589078242	1189	01190	0.1190	0.75891635151190	0.1191	0.1191	0.75894193341191	0.1192	0.1192	0.75894193341192	0.1193	0.1193	0.75894193341193	1194	0.751194	0.758929142511941195	0.7581195	0.758937669711951196	0.7581196	0.75892487881191197	0.75871197	0.7589376697111198	0.758741198	0.7589035606111199	0.758741199	0.758886506	111200	0.75871200	0.75889503331201201	0.75871201	0.7589035606121202	0.758731202	0.7589035606121203	0.758731203	0.758912087911204	0.7587491204	0.758899296121205	0.758751205	0.758869451411206	0.7587661206	0.758903560611207	0.7587661207	0.758903560611208	0.7587491208	0.758937669711209	0.7587611209	0.758937669711210	0.7587531210	0.758946197121211	0.758761211	0.7589206151211212	0.758781212	0.7589334061211213	0.758781213	0.75895898811214	0.7587741214	0.758958988121215	0.758771215	0.7589206151211216	0.75871216	0.75891635151211217	0.75871217	0.75891208791211218	0.75871218	0.7589206152121219	0.758751219	0.758937669711220	0.7587831220	0.7589376691221	0.758770351221	0.758971771222	0.7587618311222	0.758950461223	0.7587575681223	0.75894191224	0.75878315	01224	0.758901225	0.7587660953	01225	0.75891226	0.7587618317	01226	0.758931227	0.7587618317	01227	0.758921228	0.7587916773	01228	0.758921229	0.758795941	0.1229	0.75891230	0.7588044683	0.1230	0.75891231	0.75878315	0.51231	0.751232	0.7587618317	0.51232	0.7581233	0.7587660953	0.51233	0.7581234	0.758757568	0.521234	0.751235	0.7587533043	0.521235	0.751236	0.7587660953	0.521236	0.751237	0.75878315	0.52701237	0.1238	0.758770359	0.527041238	01239	0.7587746227	0.527031239	01240	0.7587746227	0.527031240	01241	0.758757568	0.5270281241	1242	0.7587234587	0.5270251242	1243	0.7587234587	0.527021243	01244	0.7587277224	0.527011244	01245	0.7587490407	0.527011245	01246	0.7587660953	0.527001246	01247	0.7587490407	0.527001247	01248	0.7587746227	0.52691248	0.1249	0.758757568	0.52691249	0.1250	0.7587874137	0.5261250	0.71251	0.758795941	0.52691251	0.1252	0.758795941	0.526971252	01253	0.7587788863	0.526961253	01254	0.7587788863	0.526961254	01255	0.758795941	0.52694612551256	0.7587874137	0.526942612561257	0.758795941	0.526934621251258	0.7588044683	0.526932421251259	0.7588002047	0.526922551251260	0.7588044683	0.526918861261261	0.758808732	0.526917185121262	0.75878315	0.5269002948
1263	0.7587788863	0.5268859246
1264	0.7588002047	0.5268749121
1265	0.7587618317	0.5268601678
1266	0.758731986	0.5268429831
1267	0.7587405133	0.526841263211268	0.7587533043	0.526839958411269	0.7587490407	0.526837859411270	0.758757568	0.5268333813
1271	0.758770359	0.5268283161
1272	0.7588002047	0.5268164973
1273	0.75878315	0.5268125311
1274	0.7587874137	0.5268028965
1275	0.7588044683	0.5268001511
1276	0.7588044683	0.5267960058
1277	0.7587788863	0.5267820279
1278	0.7587916773	0.5267745608
1279	0.7588172593	0.5267531064
1280	0.7588257866	0.5267511255
1281	0.7588300503	0.5267494361
1282	0.7588300503	0.5267491897
1283	0.758859896	0.5267435196
1284	0.7588556323	0.5267349988
1285	0.758847105	0.5267252829
1286	0.7588641596	0.5267191423
1287	0.7588812143	0.5267116413
1288	0.7588684233	0.5267089104
1289	0.7588641596	0.5267068629
1290	0.7588769506	0.5267029205
1291	0.758898269	0.5266979849
1292	0.7589323783	0.5266892032
1293	0.7589579603	0.5266818228
1294	0.7589579603	0.5266800012
1295	0.7589494329	0.5266738982
1296	0.7589153236	0.5266679036
1297	0.7589238509	0.5266572384
1298	0.7589238509	0.5266459591
1299	0.7589323783	0.526636824211300	0.7589750149	0.526624075131301	0.7590261789	0.526614308131302	0.7590219152	0.526607808131303	0.7590005969	0.52660277111304	0.7590176516	0.526601494111305	0.7590261789	0.526586571301306	0.7590219152	0.526568351301307	0.7590176516	0.526562471301308	0.7590261789	0.5265581308	1309	0.7590219152	0.5265511309	1310	0.7590261789	0.5265441310	1311	0.7590304426	0.52653613111312	0.7590304426	0.526533713121313	0.7590219152	0.526526813131314	0.7589963332	0.526510013141315	0.7590176516	0.52650171311316	0.7589792786	0.526496541311317	0.7589963332	0.526491381311318	0.7589920696	0.526487431311319	0.7589963332	0.526482771311320	0.7589963332	0.52647741321321	0.7589963332	0.526468213211322	0.7590048606	0.526463513221323	0.7590219152	0.5264571323	1324	0.7590261789	0.5264561324	1325	0.7589920696	0.526441325	01326	0.7590005969	0.52641326	0.1327	0.7590261789	0.5261327	0.71328	0.7590219152	0.5261328	0.71329	0.7590432336	0.5261329	0.71330	0.7590304426	0.5261330	0.71331	0.7590219152	0.5261331	0.71332	0.7590176516	0.5261332	0.71333	0.7590602882	0.5261333	0.71334	0.7590517609	0.5261334	0.1335	0.7590474972	0.52631335	0.1336	0.7590560246	0.5261336	0.71337	0.7590645519	0.5261337	0.71338	0.7590858702	0.521338	0.751339	0.7590730792	0.521339	0.751340	0.7590943975	0.51340	0.751341	0.7590901339	0.521341	0.751342	0.7590816065	0.521342	0.751343	0.7590816065	0.51343	0.7591344	0.7590986612	0.51344	0.7591345	0.7591199795	0.51345	0.7591346	0.7590901339	0.51346	0.7591347	0.7591242432	0.51347	0.7591348	0.7590986612	0.51348	0.7591349	0.7591242432	0.51349	0.751350	0.7591455615	0.51350	0.7591351	0.7591583525	0.51351	0.7591352	0.7591711435	01352	0.759321353	0.7591668798	1353	0.7593041354	0.75914982521354	0.75929151355	0.75914982521355	0.75931281356	0.75915835251356	0.75930431357	0.75913703421357	0.75930431358	0.75916687981358	0.7593121359	0.7591711435	1359	0.7593041360	0.7591839345	1360	0.7593171361	0.75918393451361	0.75934271362	0.75921378021362	0.7593421363	0.75920951651363	0.75933841364	0.75918819821364	0.75934691365	0.75918819821365	0.75933411366	0.75919672551366	0.7593511367	0.7592180438	1367	0.759351368	0.7591967255	01368	0.75931369	0.7591924618	0.1369	0.75931370	0.7591967255	0.1370	0.7591371	0.7592009892	0.51371	0.7591372	0.7592223075	0.51372	0.7591373	0.7592223075	0.51373	0.7591374	0.7592265712	0.1374	0.75931375	0.7592223075	01375	0.759391376	0.7592393622	01376	0.759381377	0.7592393622	1377	0.7593891378	0.7592649441	1378	0.7594021379	0.7592436258	1379	0.7594191380	0.7592137802	1380	0.7594401381	0.7592137802	1381	0.7594361382	0.75924788951382	0.75945351383	0.7592350981383	0.759474881384	0.759213781384	0.7594620981385	0.759239361385	0.7594578341386	0.759243621386	0.7594322521387	0.759260681387	0.7594322521388	0.759294781388	0.7594279891389	0.759273471389	0.7594279891390	0.759256411390	0.7593981431391	0.759235091391	0.7594194611392	0.759260681392	0.7594279891393	0.759264941393	0.7594535711394	0.75928191394	0.75944078011395	0.75929051395	0.759453571	1396	0.7592601396	0.7594279891	1397	0.7592991397	0.759453571	01398	0.759291398	0.7594578347	01399	0.759311399	0.7594620983	01400	0.75921400	0.7594706256	0.1401	0.75921401	0.7594748893	0.1402	0.75921402	0.7594578347	011403	0.75931403	0.7594578347	011404	0.7591404	0.759453571	0.111405	0.751405	0.7594279891	0.111406	0.751406	0.7594322528	0.111407	0.751407	0.7594279891	0.111408	0.751408	0.7594791529	0.111409	0.751409	0.7594834165	0.111410	0.751410	0.7594919438	0.111411	0.751411	0.7595132621	0.111412	0.751412	0.7595303167	0.141413	0.751413	0.7595431076	0.141414	0.751414	0.759538844	0.5141415	0.71415	0.7595089984	0.5141416	0.71416	0.7595132621	0.5141417	0.71417	0.7595175257	0.5141418	0.71418	0.7595175257	0.5141419	0.71419	0.7595217894	0.5141420	0.1420	0.759526053	0.521421421	01421	0.7595345803	0.521421422	01422	0.7595175257	0.514221423	01423	0.7595431076	0.14231424	0.1424	0.7595431076	01424	1425	0.1425	0.7595558985	1425	01426	0.1426	0.759526053	01426	01427	01427	0.759526053	0.1427	1428	01428	0.759538844	0.51428	1429	1429	0.7595516349	0.51429	1430	1430	0.7595601622	0.51430	1431	1431	0.7595473712	0.1431	01432	1432	0.7595644258	01432	0.1433	1433	0.7595558985	1433	0.71434	1434	0.7595516349	1434	0.71435	1435	0.7595303167	1435	0.71436	1436	0.7595516349	1436	0.71437	1437	0.75954737121437	0.761438	1438	0.75955163491438	0.71439	01439	0.7595516341439	0.761440	01440	0.759568681440	0.7601441	01441	0.759564421441	0.761442	0.1442	0.759560161442	0.761443	0.1443	0.75955581443	0.7601444	0.1444	0.7595771444	0.76041445	0.1445	0.759571445	0.760381446	0.1446	0.75951446	0.7603781447	01447	0.75951447	0.76038731448	01448	0.75951448	0.76035741449	01449	0.75951449	0.76035321450	01450	0.75951450	0.76037021451	1451	0.759611451	0.760353214521452	0.7596281452	0.76035321451453	0.75963261453	0.76038301451454	0.7596151454	0.760395831451455	0.75961455	0.76037878241451456	0.75961456	0.76040436431451457	0.75961457	0.76041289161451458	0.75961458	0.76040436431451459	0.7591459	0.760395837	0141460	0.7591460	0.7603787824	0141461	0.7591461	0.7604043643	011462	0.75961462	0.760383046	0.1463	0.75961463	0.7603915733	0.1464	0.75961464	0.7603873097	0.1465	0.75961465	0.7603702551	0.1466	0.75961466	0.760395837	0.51467	0.7591467	0.7604171552	0.11468	0.7591468	0.7604128916	0.11469	0.7591469	0.7604384734	0.11470	0.7591470	0.7604342098	0.11471	0.7591471	0.7604256825	0.11472	0.7591472	0.7604342098	0.11473	0.7591473	0.7604427371	0.11474	0.751474	0.7604597917	0.511475	0.751475	0.7604597917	0.141476	0.751476	0.7604811099	0.141477	0.751477	0.7604768463	0.141478	0.751478	0.7604853736	0.141479	0.71479	0.7604939009	0.5141480	0.71480	0.7604939009	0.5141481	0.1481	0.7604896372	0.52141482	0.1482	0.7604896372	0.5141483	0.1483	0.7604725826	0.51481484	0.1484	0.7604811099	0.51481485	0.1485	0.7605066918	0.14861486	0.1486	0.7605066918	0.1481487	0.71487	0.76052801	0.1488	1488	01488	0.7605322737	0.14891489	01489	0.7605493283	0.51491490	0.1490	0.7605365373	0.14911491	0.1491	0.760540801	0.1492	1492	01492	0.7605493283	0.14931493	0.1493	0.7605493283	01494	1494	01494	0.7605152191	0.1495	1495	01495	0.7605749101	0.14961496	0.1496	0.7605919647	0.14971497	0.1497	0.7605919647	0.14981498	0.1498	0.7605919647	0.14991499	0.1499	0.7606175466	0.15001500	0.1500	0.7606303376	0.15011501	0.1501	0.760613283	0.515021502	01502	0.760613283	0.52151503	0.1503	0.7605621192	0.52151504	0.1504	0.7605706465	0.52151505	0.1505	0.7605663828	0.51501506	0.1506	0.7605834374	1507	01507	0.1507	0.7605749101	1508	1508	0.71508	0.76059196471509	01509	0.1509	0.7605877011510	0.71510	01510	0.76059196471511	0.71511	01511	0.760626071512	0.7591512	01512	0.760630331513	0.7591513	01513	0.760651651514	0.7591514	01514	0.760643121515	0.7591515	1515	0.7606601831516	0.7591516	1516	0.760660181517	0.7591517	01517	0.760634601518	0.7591518	01518	0.76062601519	0.75951519	01519	0.760631520	0.7595881520	01520	0.760681521	0.7595971521	1521	0.76061522	0.759601771522	1522	0.76061523	0.759606031523	1523	0.76061524	0.7596017715241524	0.760651525	0.7595719215251525	0.76061526	0.75956766415261526	0.76061527	0.7595634001521527	0.760711528	0.7595847191521528	0.76061529	0.759601773711529	0.7606981530	0.759593246411530	0.7606851531	0.75960177371531	0.76066441532	0.75959751	01532	0.760681533	0.7595932464	11533	0.760691534	0.759623092	011534	0.76071535	0.7596060373	011535	0.7601536	0.7596145647	0.11536	0.7601537	0.7596145647	01537	0.760671538	0.75961456471538	0.76069421539	0.759623092	1539	0.7606981540	0.7596273557	1540	0.7606681541	0.7596572013	1541	0.760671542	0.7596572013	1542	0.7606381543	0.7596529377	1543	0.760641544	0.7596572013	01544	0.760661545	0.7596529377	01545	0.760691546	0.7596657287	01546	0.760661547	0.7596827833	01547	0.760641548	0.7596913107	01548	0.760671549	0.759687047	01549	0.760661550	0.759687047	0.1550	0.76061551	0.7597083653	0.1551	0.76061552	0.759751002	0.51552	0.7601553	0.759776584	0.521553	0.761554	0.7597893749	0.521554	0.71555	0.7598064296	0.5251555	0.71556	0.7598149569	0.5251556	0.71557	0.7598021659	0.5251557	0.71558	0.7598192206	0.5251558	0.71559	0.7598277479	0.5211559	0.71560	0.7598192206	0.5151560	0.71561	0.7598149569	0.5151561	0.71562	0.7597851113	0.5151562	0.71563	0.7598106933	0.511563	0.761564	0.7598192206	0.511564	0.761565	0.7598320116	0.511565	0.71566	0.7598320116	0.5211566	0.71567	0.7598320116	0.5211567	0.71568	0.7598320116	0.5211568	0.71569	0.7598234843	0.5151569	0.71570	0.7598234843	0.1571570	0.71571	0.7598277479	0.1571571	0.71572	0.7598320116	0.1571572	0.71573	0.7598448026	0.1571573	0.71574	0.7598320116	0.1571574	0.71575	0.7598362753	0.1571575	0.71576	0.7598618573	0.1571576	0.71577	0.7598490663	0.1571577	0.71578	0.7598405389	0.151578	0.761579	0.7598533299	0.151579	0.761580	0.7598661209	0.11580	0.7601581	0.7598789119	0151581	0.7601582	0.7598831756	011582	0.76071583	0.7598874392	011583	0.76081584	0.7599002302	151584	0.76071585	0.7598917029	11585	0.760811586	0.7598618573	1586	0.76081587	0.7598789119	0.1587	0.7601588	0.7598789119	0.1588	0.76071589	0.7598746482	0.1589	0.76081590	0.7599130212	0.1590	0.76081591	0.7599215486	0.1591	0.76081592	0.7599215486	01592	0.760811593	0.7599215486	01593	0.7601594	0.7599172849	0.51594	0.7601595	0.7599087576	0.51595	0.7601596	0.7599300759	0.51596	0.7601597	0.7599386032	0.51597	0.7601598	0.7599258122	0.51598	0.7601599	0.7599258122	0.51599	0.7601600	0.7599300759	0.51600	0.7601601	0.7599343396	0.51601	0.7601602	0.7599386032	0.51602	0.7601603	0.7599130212	0.1603	0.76071604	0.7599386032	0.1604	0.76081605	0.7599428669	0.1605	0.76081606	0.7599556579	0.1606	0.76081607	0.7599599215	1607	0.7608091608	0.7599556579	1608	0.7607921609	0.7599386032	1609	0.7608051610	0.7599428669	1610	0.7608131611	0.7599343396	1611	0.7608391612	0.7599599215	1612	0.7608561613	0.7599513942	1613	0.7608431614	0.7599684489	1614	0.7608561615	0.7599513942	1615	0.7608341616	0.7599343396	1616	0.7608131617	0.7599044939	1617	0.7608261618	0.75990449391618	0.76080941619	0.75993860321619	0.76081361620	0.75994713061620	0.76083071621	0.7599386031621	0.760847781622	0.7599343391622	0.760864831623	0.7599300751623	0.760864831624	0.7599428661624	0.760881891625	0.759925811625	0.7608733651626	0.759951391626	0.7608818921627	0.759955651627	0.7608861561628	0.759968441628	0.7608733651629	0.759976971629	0.7608818921630	0.759968441630	0.7608861561631	0.759994031631	0.7608733651632	0.760006821632	0.7608946831633	0.7599981633	0.76088615641634	0.76001961634	0.7609245291635	0.760028141635	0.7609245291636	0.760019611636	0.7609373201637	0.760011081637	0.7609245291638	0.76002381638	0.76091173821639	0.76001961639	0.76092452921640	0.76002811640	0.760941581641	0.7600068211641	0.760933051642	0.760002551642	0.7609415831643	0.760002551643	0.7609415831644	0.760028141644	0.7609543741645	0.760036661645	0.7609927471646	0.760040931646	0.7609074741647	0.760036661647	0.7609074741648	0.760053711648	0.76089042	1649	0.760051649	0.7609415838	01650	0.760051650	0.7609501111	01651	0.76011651	0.7609543747	0.1652	0.76001652	0.7609543747	0.1653	0.76001653	0.7609501111	0.1654	0.76001654	0.7609202655	01655	0.760041655	0.7609330565	01656	0.760041656	0.7609330565	01657	0.760061657	0.7609245292	01658	0.760031658	0.7609415838	01659	0.760011659	0.7609586384	01660	0.760011660	0.7609714293	01661	0.760011661	0.7609842202	01662	0.760021662	0.7609756929	01663	0.760031663	0.7609799566	01664	0.76001664	0.7609714293	0.1665	0.76001665	0.7609842202	01666	0.760071666	0.7609842202	01667	0.760051667	0.7609842202	01668	0.76001668	0.7609756929	0.1669	0.76001669	0.7609842202	0.1670	0.76001670	0.7609543747	0.1671	0.76001671	0.7609501111	0.1672	0.76011672	0.7609415838	0.1673	0.76011673	0.7609543747	0.1674	0.76161674	0.7609714293	0.1675	0.71671675	0.7609671657	0.1676	0.71671676	0.7609756929	0.1677	0.16771677	0.7609671657	0.1678	0.16781678	0.7609543747	0.1679	01679	1679	0.7609671657	0.1680	01680	1680	0.760962902	0.51681	016811681	0.7609756929	0.51682	016821682	0.7609671657	0.51683	016831683	0.7609842202	0.51684	016841684	0.7609970112	0.51685	016851685	0.7609714293	01686	0.71681686	0.7610183294	0.1687	0.71681687	0.7610225931	0.1688	0.71681688	0.7610268567	0.1689	0.71681689	0.7610268567	0.1690	0.7161690	0.7610268567	0.51691	0.7161691	0.7610481749	0.51692	0.7161692	0.7610950751	0.51693	0.7161693	0.7610950751	0.51694	0.7161694	0.7610950751	0.1695	0.76161695	0.7611036024	0.1696	0.16961696	0.7610950751	0.1697	0.16971697	0.7611249206	0.1698	0.16981698	0.7610993387	0.1699	0.1691699	0.7611249206	0.51700	0.1701700	0.7611462388	0.51701	0.1701701	0.7611377115	0.51701702	0.1702	0.7611590298	0.51701703	0.1703	0.7611505025	0.51701704	0.1704	0.7611590298	0.51701705	0.1705	0.7611590298	0.51701706	0.1706	0.7611462388	0.51701707	0.1707	0.7611632934	0.51701708	0.1708	0.7611718207	0.5171709	0.71709	0.7611632934	0.5171710	0.71710	0.761180348	0.52171711	0.1711	0.7611888753	0.52171712	0.1712	0.761180348	0.521713	0.761713	0.7611931389	0.521714	0.761714	0.7611760844	0.521715	0.761715	0.7611974026	0.51716	0.7601716	0.7611846116	0.51717	0.7601717	0.7611675571	0.51718	0.7601718	0.7611888753	0.51719	0.7601719	0.7611931389	0.51720	0.7601720	0.761180348	0.521721	0.1721	0.761180348	0.523711722	01722	0.7611760844	0.523711723	01723	0.7611846116	0.523701724	01724	0.7611632934	0.523701725	01725	0.7611675571	0.523691726	01726	0.7611632934	0.523681727	01727	0.7611675571	0.523681728	01728	0.7611675571	0.523671729	01729	0.7611718207	0.523661730	01730	0.7611590298	0.523611731	1731	0.7611888753	0.5236411732	1732	0.7612059299	0.5236311733	1733	0.7611888753	0.5236211734	1734	0.7612315118	0.52361117351735	0.76125283	0.523608341171736	0.7612741482	0.523604301171737	0.7612570936	0.523593951171738	0.7612443027	0.523589051171739	0.7612400391	0.523585217401740	0.7612443027	0.523583617411741	0.7612613573	0.523578617421742	0.7612656209	0.523569917431743	0.7612570936	0.523560017441744	0.7612613573	0.523554117451745	0.7612741482	0.523546317461746	0.7612570936	0.523537817471747	0.7612741482	0.5235321748	1748	0.76125283	0.523529691741749	0.7612826755	0.523520711751750	0.7612784119	0.523513471751751	0.7612741482	0.523508281751752	0.7612954665	0.523504041751753	0.7612826755	0.523498221751754	0.7612698846	0.523489641751755	0.7612698846	0.52348617171756	0.7612869392	0.523481417171757	0.7612912028	0.523478611751758	0.7612784119	0.52347531171759	0.7613125211	0.523468721171760	0.7613082574	0.52346199111761	0.7613295756	0.523458811171762	0.7613210483	0.523453541171763	0.7613423666	0.523436711761764	0.7613423666	0.523434141761765	0.7613722121	0.523428871761766	0.7613551575	0.523421021761767	0.7613039938	0.523411691761768	0.7613210483	0.523408301761769	0.7613423666	0.523401721771770	0.7613338393	0.523400217711771	0.7613338393	0.523398317721772	0.7613381029	0.5233931773	1773	0.7613423666	0.523381774	01774	0.7613167847	0.52331775	0.1775	0.7613167847	0.52331776	0.1776	0.7613508939	0.52331777	0.1777	0.7613508939	0.52331778	0.1778	0.7613551575	0.52331779	0.1779	0.7613636848	0.52331780	0.1780	0.7613508939	0.52331781	0.1781	0.7613594212	0.52331782	0.1782	0.7613551575	0.52331783	01783	0.7613722121	0.52331784	0.1784	0.7614063213	0.52331785	0.1785	0.7614233759	0.52331786	0.1786	0.7614105849	0.52331787	0.1787	0.7614276395	0.5231788	0.71788	0.7614319032	0.5231789	0.71789	0.7614233759	0.5231790	0.71790	0.7614361668	0.5231791	0.71791	0.7614276395	0.521792	0.71792	0.7614532214	0.5231793	0.71793	0.7614319032	0.5231794	0.71794	0.7614532214	0.5231795	0.71795	0.7614404305	0.5231796	0.1796	0.7614276395	0.5231797	0.71797	0.7614233759	0.5231798	0.71798	0.7614446941	0.5231799	0.71799	0.7614617487	0.521800	0.761800	0.761470276	0.521801	0.71801	0.761470276	0.52321802	0.1802	0.7615171761	0.5231803	0.71803	0.7615043852	0.521804	0.761804	0.7614958579	0.51805	0.7601805	0.7614958579	0.1806	0.76041806	0.7615043852	01807	0.760431807	0.7614958579	01808	0.760451808	0.7614873306	1809	0.7604641809	0.7614788033	1810	0.7604471810	0.7614830669	1811	0.7604551811	0.76149159421812	0.76043421812	0.7614788031813	0.760447001813	0.7614745391814	0.760464051814	0.7614873301815	0.76046831815	0.7614958571816	0.760489631816	0.7614958571817	0.760455521817	0.761491591818	0.7604342091818	0.761478801819	0.7604470001819	0.76149151820	0.760468319	1820	0.7614951821	0.760468319	01821	0.761471822	0.760468319	01822	0.761461823	0.7604811099	01823	0.761461824	0.7604939009	01824	0.761481825	0.7605024281	01825	0.76141826	0.76052801	0.51826	0.7611827	0.7605109554	0.1827	0.76141828	0.7605109554	0.1828	0.7611829	0.7605365373	0.51829	0.7611830	0.7605322737	0.51830	0.7611831	0.7605365373	0.51831	0.7611832	0.7605493283	0.51832	0.7611833	0.7605450646	0.51833	0.7611834	0.7605450646	0.51834	0.7611835	0.760540801	0.521835	0.761836	0.7605493283	0.521836	0.761837	0.7605791738	0.521837	0.761838	0.760600492	0.5231838	0.71839	0.7605791738	0.5231839	0.71840	0.7605791738	0.5231840	0.1841	0.7605919647	0.52321841	0.1842	0.7605877011	0.52321842	0.1843	0.7605834374	0.52321843	0.1844	0.7605621192	0.52321844	0.1845	0.7605706465	0.52321845	0.1846	0.7605663828	0.52321846	0.1847	0.7605621192	0.5231847	0.71848	0.7605663828	0.521848	0.761849	0.7605621192	0.521849	0.761850	0.7605791738	0.521850	0.761851	0.7605663828	0.521851	0.761852	0.7605578556	0.521852	0.761853	0.7605578556	0.521853	0.761854	0.7605663828	0.521854	0.761855	0.7605877011	0.51855	0.7611856	0.7606090193	0.51856	0.7611857	0.760600492	0.521857	0.761858	0.7606090193	0.521858	0.761859	0.7606431285	0.521859	0.761860	0.7606431285	0.521860	0.761861	0.7606303376	0.521861	0.761862	0.7606260739	0.51862	0.7611863	0.7606090193	0.51863	0.7611864	0.7606047557	0.1864	0.76151865	0.7605962284	01865	0.761511866	0.7605962284	01866	0.761511867	0.7605791738	01867	0.761511868	0.7605706465	01868	0.761511869	0.7605621192	01869	0.761511870	0.7605919647	01870	0.761181871	0.7605962284	01871	0.761181872	0.760613283	1872	0.7615711873	0.7606175466	1873	0.7615411874	0.76061754661874	0.76154711875	0.7606218101875	0.761534211876	0.7606346011876	0.761542711877	0.760655911877	0.7615299181878	0.76063461878	0.76155128181879	0.76063461879	0.76153841881880	0.76064731880	0.76153818811881	0.76065161881	0.761551882	1882	0.76064731882	0.761571883	1883	0.76064731883	0.761581884	1884	0.76066871884	0.76151885	01885	0.76070701885	0.7611886	0.1886	0.76071561886	0.761887	0.71887	0.76073691887	0.1888	0.7601888	0.76069851888	0.1889	0.7601889	0.76070281889	01890	0.76051890	0.760707018901891	0.7605351891	0.7607191891	1892	0.7605351892	0.7607111892	1893	0.7605521893	0.76071918931894	0.76056531894	0.7607118941895	0.76055251895	0.7607151891896	0.760552571896	0.760728181897	0.7605568341897	0.76071111898	0.76054830731898	0.76069811899	0.76059520761899	0.76070211900	0.76058241661900	0.76071191901	0.760616526	1901	0.7607111902	0.760642108	01902	0.760741903	0.7606207896	1903	0.7607581904	0.760642108	1904	0.7607621905	0.76065063531905	0.76074971906	0.76065063531906	0.76073611907	0.76061226231907	0.76075811908	0.7606335801908	0.760745191909	0.760671951909	0.7607419091910	0.760654891910	0.760751911911	0.7606676891911	0.760781911912	0.7606335801912	0.760801911913	0.7606207891913	0.760719131914	0.7606250531914	0.760719141915	0.7606335801915	0.760819151916	0.7606335801916	0.760719161917	0.7606293171917	0.76019171918	0.760603735	1918	0.7601911919	0.76061226231919	0.76071911920	0.760642108	1920	0.760711921	0.760642108	0.1921	0.76081922	0.7606378443	0.1922	0.76071923	0.7606335806	0.1923	0.76071924	0.7606378443	0.1924	0.76081925	0.760629317	0.51925	0.7601926	0.7606122623	0.51926	0.7601927	0.7606335806	0.1927	0.76011928	0.7606122623	0.1928	0.76011929	0.760616526	0.51929	0.7611930	0.760616526	0.51930	0.7611931	0.760642108	0.521931	0.761932	0.760642108	0.5221932	0.71933	0.7606591626	0.521933	0.761934	0.7606463716	0.521934	0.71935	0.7606634263	0.5221935	0.71936	0.7606932719	0.5221936	0.11937	0.7606932719	0.5221937	0.11938	0.7606719536	0.5221938	0191939	0.7606890083	0.5221939	0191940	0.7606847446	0.5221940	1941941	0.7607145903	0.5221941	1941942	0.7607103266	0.522194219421943	0.7607231176	0.522194319431944	0.7607231176	0.521944	19441945	0.7607444359	0.521945	19451946	0.7607529632	0.521946	19461947	0.7607870726	0.521947	19471948	0.7607870726	0.521948	19481949	0.7607870726	0.521949	19491950	0.7607785452	0.521950	19501951	0.7607657542	0.521951	19511952	0.7607700179	0.51952	01951953	0.7607955999	0.521953	01951954	0.7607955999	0.521954	01951955	0.7607742816	0.521955	0191956	0.7607657542	0.5221956	0191957	0.7607955999	0.5221957	0191958	0.7607529632	0.5221958	0191959	0.7607614906	0.5221959	0191960	0.7607614906	0.5221960	0191961	0.7607614906	0.5221961	0191962	0.7607444359	0.5221962	0191963	0.7607316449	0.521963	0.191964	0.7607359086	0.521964	0.191965	0.7607359086	0.521965	0.191966	0.7607273813	0.521966	0.191967	0.7607316449	0.521967	0.191968	0.7607444359	0.521968	01961969	0.7607700179	0.1969	0.19691970	0.7607401723	01970	0.719701971	0.7607316449	01971	0.719711972	0.7607401723	01972	0.1972	1973	0.7607486996	01973	0.1973	1974	0.7607486996	01974	01974	01975	0.7607700179	01975	1975	0.1976	0.7607657542	019761976	0.71977	0.7607828089	019771977	0.71978	0.7607828089	01971978	0.761979	0.7607700179	01971979	0.761980	0.7607913362	01981980	0.761981	0.7607828089	01981981	0.761982	0.7607913362	01981982	0.71983	0.7607913362	0.1981983	0.71984	0.7608169182	0.191984	0.761985	0.7608254456	0.191985	0.761986	0.7608297092	0.191986	0.761987	0.7608211819	0.191987	0.761988	0.7608254456	0.191988	0.761989	0.7608467639	0.191989	0.761990	0.7608595549	01991990	0.761991	0.7608851369	01991991	0.761992	0.76091071891992	1992	0.761993	0.7609149821993	01993	0.761994	0.7608894001994	01994	0.761995	0.7609021911995	01995	0.761996	0.7609107181996	01996	0.761997	0.7609149821997	01997	0.761998	0.7609107181998	1998	0.761999	0.7608936641991999	0.7619861773	0.5220209572
242223
02
1999	0.7607700179	0.522513525
2
9
7620405901	0.5215294153
5936	0.5223710022
